product_id,product_name,aisle_id,department_id
43383,Click Gel Automatic Ocean Fresh Scent 4 Disposable Applicators Toilet Bowl Cleaner,114,17
2321,Orange Halo,24,4
20807,Authentic Deep Dish Cheese Pizza,79,1
17112,Mocha Almond Fudge Ice Cream,37,1
31488,Pea & Spinach Teether Wafer,100,21
870,Just Fruit Salad,50,19
10870,Blue Label Year of the Ram,124,5
31822,Four Cheese Tomato Cream Pasta Sauce,9,9
38312,Almond Milk Strawberry Yogurt,120,16
4627,V Fusion Berry Vegetable & Fruit Beverage,98,7
23401,Italian Herb Flatbread Wraps,128,3
1677,Restorative Conditioner,22,11
47155,Curried Lentil Soup,69,15
21101,Organic Southwest Style Salad,123,4
28073,Cherry Vanilla Ice Cream,37,1
30484,Paleo Baking Flour,100,21
49282,Mini Croutons,89,13
27363,Green Curry Paste,66,6
16638,Knights Valley Cabernet Sauvignon,28,5
35927,Fruit Fusions Gummies Candy,45,19
27950,Pineapple Mango Coconut Water,31,7
20179,Sprouted Pumpkin Seed Butter,88,13
35353,Dino Eggs Instant Oatmeal,130,14
3436,Egg Substitute,86,16
17433,Candy Rolls Assorted Flavors,45,19
32785,Muddy Buddies Snack Mix Cookies & Cream,61,19
7226,Maximum Absorbency Large Guards for Men,20,11
30526,Essentials Bathroom 2 Ply Soft Giant Roll Tissue,100,21
4333,Imperial  Victory at Sea Porter,27,5
11458,Fiber,22,11
41354,All Occasion Classic White Paper Plates,111,17
37083,Nickelodeon Smiles Children 2+ Dora The Explorer Extra Soft Toothbrush,20,11
42456,Honest Hand Sanitizer Spray Free & Clear,25,11
9610,Ultra Thin Armor Spermicidal Lubricant Condoms,6,2
45864,Meatless Vegan Hot Dogs,14,20
48488,Gasalia Gas Quick-Dissolving Tablets - 60 CT,70,11
832,High Protein Chocolate Light Milk Shake,65,11
37313,Tropical Pineapple Chunk,100,21
27899,"Hand Wash, Pink Grapefruit",127,11
42725,"Quick Defense, Vegetarian Liquid Phyto-Caps",47,11
41960,"Organic Daikon Root, Bunch",83,4
43846,Adult Complete Gummies with Multivitamin + Omega 3 + Vitamin D,47,11
17407,Cranberry Kombucha,31,7
14746,Round Mesh Scrubber,114,17
22707,Original Very Vanilla Complete Nutritional Drink,65,11
2558,Organic & Fair Trade Green Tea with Jasmine Bags,94,7
4007,Adhesive Bandages Activ Flex Regular Advanced Healing,118,11
17067,"Bread, Whole Grains",112,3
24292,Artichoke Burgers French Herb,38,1
34341,Mini Holiday Vanilla Cupcakes,8,3
27906,Imperial Champagne,134,5
35948,Tonic Water,115,7
41458,Chocolate Miracle Tart,8,3
44980,The Original Multi Grain Bread,112,3
3671,Moist & Meaty Burger with Cheddar Cheese Flavor Dog Food,40,8
20701,Dinamita Tortilla Chips Chile Limon,107,19
18734,Energy Pineapple Strawberry 1.62oz,90,7
24081,"Chocolate Snaps, Old-Fashioned, Swedish Style",61,19
12351,Smooth & Sweet Citrus Punch,31,7
31290,Pickled Ginger With Shiso Leaves,110,13
15658,Lavender Avocado Intensesive Conditioner,22,11
18118,MixUps Backyard Cookout Cat Treats,41,8
30360,Anti-Diarrheal Tablets,70,11
5298,30 Minute Marinade Herb & White Wine With Lemon Juice & Garlic,5,13
45160,Original High Fiber 100% Vegetable Juice,98,7
12468,TofuPlus Black Soybean Organic Firm Tofu,66,6
4737,Kikkoman Soy Sauce,72,13
22377,Creamy Custard & Apple Cinnamon 2 In 1 Candle,101,17
3285,Strawberry Squeeze Fruit Spread,88,13
2497,Gluten Free Devil Food Cake Mix,105,13
19093,Organic Brazilian Cashew Nuts Superfood,117,19
3519,100% Orange Juice No Pulp,31,7
10928,Vanilla Bean Paste,17,13
45105,Protein Pleasure Peanut Butter Chocolate Chip Macrobar,3,19
7747,Lemon Mint Foaming Hand Wash,127,11
30736,Hard Cider Crisp Apple,27,5
30180,Cinnamon Applesauce Pouch,99,15
35035,100% Whole Grain Fig Newton Cookies,61,19
16713,Curl Nurturing Shea Butter Detangler,22,11
14511,Grated Pecorino Romano,2,16
29121,Blue Corn Taco Shells,30,6
44703,Minis Coconut Milk Non Dairy Frozen Dessert Fudge Bars,37,1
31333,Organic Chickpea Fusilli Pasta,100,21
2565,Guacamole Spicy,67,20
21399,Grovestand Lots of Pulp Family Size Orange Juice,31,7
32584,Honey Ham & Smoked White Turkey Sub Sandwich Kit,96,20
12847,Organic Green Lemonade,31,7
17673,Fresh Oregano,100,21
24046,Nux Vomica 6C Homeopathic Pellets,47,11
501,Proactive Health Mature Adult Hairball Care Cat Food,41,8
18195,Humm! Greek Olives Hummus,67,20
47270,Thin Ultra Always Ultra Thin Super Pads With Wings 16 count Feminine Care,126,11
8605,"Kale, Tuscan Herbs and Potatoes",107,19
49516,Turtle Pie,119,1
16995,Sliced Soppressata Salame,96,20
38706,Philly Steak & Cheese Frozen Sandwiches,38,1
14526,Mixed Berry Fruit & Grain Cereal Bars,48,14
9728,All Natural Greek Seasoning,104,13
22041,Sugar Free Cinnamon Chewing Gum,20,11
3426,Organic Better Rest Tea Blend,94,7
43802,Organic Sweet Apple Chicken Sausage,106,12
38340,Everyday Plates 8.5 in,111,17
48840,Chai Spice Organic Tea,94,7
28794,Great Lash Big Washable Mascara - Blackest Black,132,11
39195,Chocolate Protein Shake,65,11
42310,Organic 100% Durum Semolina Fusilli,131,9
18671,Sugar Free Monkfruit 55% Cacao Chocolate Bar With Cocoa Nibs,100,21
40623,Facial Tissues Boxes,54,17
21738,75 Sheet Lint Roller,114,17
47519,Medium Colombia Ground Coffee,26,7
2465,Peanut Butter Formula Miniature Dog Treats,40,8
26574,Tamales Sweet Corn,38,1
37101,"Facial Tissue, Unbleached, 2-Ply",54,17
2725,Butter Pecan Nutrition Shake,65,11
29081,Special K Cookies & Crème Pastry Crisps,48,14
48582,Hawaiian Breeze Solid Air Freshener,101,17
42224,Coppertop AA Alkaline Batteries,87,17
36628,Adult Gummies Multi Dietary Supplement - 90 CT,47,11
26392,Proactive Health Lively Senior Cat Food,41,8
4252,The Greek Burrito,38,1
22508,Jalapeno Jack Queso with Salsa Verde,51,13
37819,Otis Oatmeal Stout Beer,27,5
42880,Organic Unpasteurized Brown Rice Miso,100,21
34726,Butter Toffee Peanuts,117,19
40670,Half N Half,108,16
41665,Organic Mexican Blend Finely Shredded Cheese,21,16
1705,Disney Frozen Fruit Flavored Snacks,50,19
10915,Organic Short Brown Sprouted Rice,68,10
9249,Chewy Caramel in milk Chocolate,45,19
15768,Purify & Replenish Deep Cleansing Shampoo,22,11
22669,Pineapple Super Greens Kombucha,31,7
38478,Movie Theater Mini Bags Butter Popcorn,23,19
29248,Gluten Free Brownie Mix,105,13
3052,Triple Action Booster,74,17
41505,Lemon Lime Water Drops Delicious Natural Stevia Water Enhancer,64,7
11117,Texas Garden Flowers,87,17
23908,Sour Berry Bears,45,19
32054,Organic Strawberry Super C Vitatrition Juice,31,7
11429,Acne Wash,73,11
17442,Organic 2nd Foods Fruit Apple Blackberry Baby Food Organic Purees Fruit/Veg,92,18
30836,Organic Belgian Pancake And Waffle Mix,130,14
46231,1/2 Caff Medium Ground Coffee,26,7
40374,Picante Medium Salsa,51,13
18219,Frosted Mini-Wheats Strawberry Cereal,121,14
44110,Fruit Burst Squeezers Strawberry Flavor Fruit Purees & Juices,99,15
47296,Garlic Plantain Chips,107,19
35311,Chocolate Chip Chewy Granola Bars,3,19
14841,Nut Flour Blend,100,21
29984,Vanilla Hazelnut Handcrafted Coffee,26,7
46050,Graduates Pasta Pick-ups -  Turkey & Vegetable Ravioli,92,18
44397,Organic European Style Sweet Unsalted Butter,36,16
2061,Vanilla Maple Supershake,84,16
48986,"Herbal Laxative Tabs, Tablets",70,11
29384,"Sliced Stewed Tomatoes with Onion, Celery & Bell Pepper",81,15
12439,95% Fat Free Turkey Franks,106,12
30249,Bomba Rice,77,7
31484,Real Simple,87,17
45249,Gluten Free Chocolate Chunk Cookies,105,13
8023,Pinata Apple,24,4
16258,Sours,45,19
8578,Hello Hydration Moisturizing Shampoo With Coconut Essenses,22,11
30815,Oinkies Pig Skin Twists Dog Chews,40,8
29848,Diet Peach Tea,94,7
21463,Vanilla Bean Light Ice Cream,37,1
39999,Body Bar Soap Garden Mint,25,11
31929,"Dressing, Red Wine Vinaigrette",89,13
46180,Fruit And Vegetable Snacks,92,18
39655,Organic Turkey Pate Cat Food,41,8
4869,White Standard Baking Cup,97,13
7070,Guacamole Seasoning Mix,5,13
36299,Fiery Mix Chips,100,21
5572,Kellogg's Frosted Mini Wheats Maple Brown Sugar Cereal,121,14
32479,Shea Butter with Warm Vanilla Beauty Bar,127,11
14468,Heart Healthy Southwest Style Vegetable Soup,69,15
48185,Fine Shredded Mexican Cheese,21,16
45784,Organic Master Brew Citrus Kombucha,94,7
26798,Light Lemon Cream Pie Yogurt,120,16
49002,Dog Treat Beneful Healthy Smile Twists Small,40,8
18210,Men Refreshing Splash Body Wash,127,11
13719,Hawaiian Rolls,43,3
25910,Gluten Free Flax Bread,112,3
49523,Blanc,62,5
37351,Arnica 30C Pellets Tubes,133,11
23802,Summer Sausage,106,12
16700,Baby Bee Bubble Bath -,102,18
3068,White Pumpkin,83,4
20358,Mozzarella & Provolone Shredded Cheese,21,16
46941,Provolone Slices,21,16
35591,Natural Reduced Fat Sharp Cheddar Cheese Sticks,21,16
28352,Lavender Shea Hand Soap,127,11
13006,All Natural Vanilla Extract,17,13
21983,Split Pea with Barley Soup Mix,33,6
24819,Umcka ColdCare Mint-Menthol Syrup,11,11
13571,"Energy Drink, Organic, Cranberry Apple",64,7
22480,Gingerbread Spice 45% Milk Chocolate,45,19
47014,Raspberry Cheesecake Gelato,37,1
12969,Fresh Blueberry Vanilla Goat Cheese,21,16
15342,Dirty Mint Chip Ice Cream,37,1
7733,Chardonnay California,62,5
8914,Chicken Breast,35,12
1932,Soy Chorizo Vegetarian,106,12
41940,Original Breakfast Sausage,106,12
602,Banana Chocolate Chip,52,1
17875,Fabric Conditioner Morning Sun Scent,75,17
424,Linguine Pasta,131,9
48871,Natural Tomato Paste,81,15
39057,Hazelnut Light Roast K-Cup Packs,26,7
6183,Wide Mouth Lids,10,17
32060,Savory Delights Filet Mignon Flavor with Bacon & Potato in Meaty Juices Wet Dog Food,40,8
12402,"Giardiniera, Hot",110,13
4099,Original Scent Powder Laundry Detergent 15 Loads,75,17
22976,Jacked Ranch Hot Chips,107,19
31958,Spinach and Arugula Salad,123,4
658,Keebler Sandies Cashew 12.8 Oz,61,19
1831,Peach-Pear Sparkling Water,115,7
8799,1st Foods Sweet Potatoes,92,18
29744,100% Natural Petite Diced Tomatoes,81,15
45060,Coarse Yellow Corn Meal,30,6
25088,Organix Grain Free Turkey & Vegetable Dog Food,40,8
11410,Box Moscato,62,5
29705,PayDay Peanut Caramel Candy Bars Snack Size,45,19
33384,Black Bean Burgers,42,1
4671,Red Cabbage,83,4
25280,Iced Green Tea Organic Super Fruit,64,7
2949,Apple Pie Flavored English Muffins,93,3
37135,Liquid Laundry Detergent Mountain Rain,75,17
21200,Rice Crisp Crunch Cookies,61,19
22089,Vitamin D Milk,84,16
7837,Bologna,96,20
11462,Organic Sugar Ice Cream Cones,103,19
6933,Strained Whole-Milk Yogurt Blueberry,120,16
30363,Avocado Hommus,67,20
30254,"Wild Pink Salmon, No Salt Added",95,15
19021,Golden Syrup,29,13
33894,Goldfish Cheddar Baked Snack Crackers Multi Packs,78,19
5852,Organic Lollipops,45,19
3003,Ale Premier,27,5
31368,Tree Free Napkins - 250 CT,54,17
22471,Original Entertaining Crackers,78,19
24114,Ground Chicken,49,12
11782,Bing Cherries,24,4
40031,"Olives, Spanish, Manzanilla",110,13
17369,SmartPop! Butter Popping Corn,23,19
15139,Simply Yellow Corn Tortilla Chips,107,19
4365,Hummus With Roasted Garlic,67,20
15920,Variety Pack Hawaiian Potato Chips,107,19
18152,Liquid Teething Relief,6,2
1866,Organics Hawaiian Coconut Milk Facial Wash,109,11
14922,Clarifying Shampoo,22,11
38624,Coconut Cashew Flavor Protein Bar,3,19
14242,Organic Sweetened Condensed Milk,17,13
43313,Simply Made Crispy Lemon Delight Thins Cookies,61,19
6974,Chicken & vegetable dumplings with rice in an Asian-style dipping sauce. Asian-Style Pot Stickers,38,1
19986,Mediterranean Crusted Salmon Fillets,34,1
30462,Aloe Bar Soap,127,11
18915,Real Vegetable Chips Sweets & Carrots,107,19
23423,Original Hawaiian Sweet Rolls,43,3
32469,Chocolate Butter Cookies,8,3
42939,Real Semi-Sweet Chocolate Chips,33,6
28235,Cheesy Cheddar Rotini Pasta Sides,4,9
37798,GravyBones - For Small Dogs Dog Biscuits,40,8
10642,Fuji Apple Fruit Chips,117,19
5213,Halloween Cake Mix,100,21
17444,Hand Cleansing Lavender Natural Fiber Wipes,25,11
12950,Gluten Free Organic Oat Based Cereal,130,14
23307,"Sticky Notes 3\"" x 3\""",87,17
9860,"Chips, Kale & Chia, Sea Salt",50,19
37741,Compostable Cleaning Wipes,114,17
21961,100% Stone Ground Whole Wheat Organic Flour,17,13
16337,Toasted Coconut Ice Cream,37,1
47706,Daily Greens 100% Fruit & Vegetable Juice,31,7
29763,"Yogurt, Organic, Lowfat, Raspberry, 1-1/2% Milkfat",120,16
25319,Z Filets Grilled Beef Dog Treats,40,8
26863,Original Frosted Mini Wheats Little Bites,121,14
28219,Ginger Peach Decaf Longevity Tea Bags,94,7
3414,VIA Instant White Chocolate Mocha,26,7
40238,Hickory Smoked Low Sodium Ham Steak,34,1
43592,Passionate Cherry Juice Frozen Fruit Bar,37,1
38238,Chunky Salsa Mild,51,13
49346,Lemon Sliced Loaf Cake,8,3
24075,Nasal Mist Allergy & Sinus Relief,11,11
22602,Breton White Bean Crackers with Salt & Pepper,100,21
43387,Raw Pure US Honey,29,13
36491,Living Jewel Junmai Sake,6,2
8079,Premium Lots of Pulp Orange Juice,98,7
15187,Berry Sparkling Water Beverage,115,7
3819,Organic Mocha Coffee Concentrate,26,7
46960,Creamy Four Cheese Rice,4,9
37795,Dairy Pure 2% Reduced Fat Milk,84,16
19007,Organic Vegetable Lasagna,38,1
21645,Apple & Cinnamon Adjustable Air Freshener,101,17
47171,Fun Size Peanut Chocolate Candies,45,19
1977,Macrobar with Granola And Coconut,3,19
39401,Organic Peruvian Crunch Bar,45,19
17613,Crispy Wild Alaskan Fish Nuggets,34,1
43926,Powder Fresh Antiperspirant Deodorant,80,11
40798,Cream Cheese Roll,13,20
27466,Wild Mushroom Ravioli,12,9
47755,Baked Vegetable Brown Rice Snaps,78,19
41853,Red Hot Sweet Chili Hot Sauce,72,13
29613,Fuji Apple Crisps,117,19
45442,Air Effects Gain Original Scent,101,17
24474,Cherry Lemon Green Tea Pouches 15 Count,94,7
39916,Lamb & Rice Dog Food,40,8
33127,No Salt Roasted Pistachios,117,19
11024,Organic Lemon Pie Coco Roons,61,19
21349,Miniatures,45,19
43635,Whole Milk Greek Plain,120,16
16150,Organic Seaweed Gomasio,66,6
42350,Peanut Butter Cups Candy,45,19
19815,Mini Organic Fillo Shells,58,1
41470,Apple Cherry Concentrate Frozen,113,1
16311,Tropical Fruit Cups in Lightly Sweetened Fruit Juices,99,15
555,Even The Kitchen Sink Kitchen & Bath Scrubber,114,17
31857,Snicker Doodle Chocolate Enrobed Cookie Dough,71,16
12169,Organic Butternut Squash Bisque,69,15
27548,Original Semisoft Cheese,21,16
5417,Sheer  Blonde Dark Shade Conditioner,22,11
6756,Nature's Colors Decorating Sugars Periwinkle Blue,97,13
25840,55% Vegetable Oil Spread,36,16
4798,Top Chef Ravioli & Chicken Marinara,38,1
17028,Mocha Flavored Ground Coffee,26,7
13712,Cold Brew Coffee Double Espresso with Almond Milk,91,16
1236,Chocolate Mint Cookie Crunch Energy Bar,3,19
23108,Citrus 'n Ginger Dressing & Sauce,5,13
42931,Medium Corn Black Bean & Red Pepper Salsa,51,13
47558,Intense Hydration Night Cream with Clary Sage,73,11
41288,Coconut Chai Green,94,7
42565,Van's Gluten Free Ancient Grains Waffles,52,1
49047,Tumeric Japanese Matcha Elixir,98,7
2287,Hydrating Mist,109,11
16168,Large Organic Omega3 Brown Eggs,86,16
27726,Lemon Seltzer Water,77,7
36920,Farro Perlato,63,9
7146,Green Tea,94,7
43030,Vegan D3 5000 I.U. Softgels,47,11
47856,Milk Chocolate Malt Balls,6,2
24765,In Light Seasoning White Beans,59,15
8442,Caffeine Free Peach DeTox Tea,94,7
15015,Lightweight Extreme Scented Cat Litter,41,8
7519,Meatless Country Potato Sausage,106,12
38386,Powdered Peanut Butter Chia & Flax,88,13
3665,Beef Feast in Roasted Beef Flavor Gravy Cat Food,41,8
48496,All Natural Kiwi Strawberry - 6 CT,98,7
3836,Spinach And Artichoke Hummus,67,20
4120,"Royal Tea, Organic Black Tea",94,7
45242,Decorating Gel White,97,13
24239,White Italian Bread,112,3
10504,Yukon Gold Potatoes 5lb Bag,83,4
45467,Calendula Long Lasting Deodorant,80,11
23276,Soup and Oyster Crackers,78,19
42878,White Tornado Twist Mop,114,17
36912,Grilled Beef Feast in Gravy Cat Food,41,8
4222,Small Spinach And Artichoke Flatbread,79,1
1565,Klondike Petite Potatoes,123,4
47976,Mexican Rice,30,6
11592,Kosher Recipe Secrets Soup & Dip Mix Ranch - 2 CT,33,6
59,Medium Taqueria Style Chipotle Salsa,50,19
28196,Russian Rye Bread,112,3
21077,Cara Cara Navel Orange,24,4
1505,Zero Calorie Fruit Punch Sports Drink,64,7
4293,Sliced Jalapenos in Escabeche,30,6
13107,The Complete Cookie Double Chocolate,3,19
15848,Red Velvet Cake Mix,105,13
19052,Thick Cut Cherrywood Smoked Bacon,106,12
43796,Sweet Peas & Butter Sauce Steamers,116,1
45869,Beet Chips Naked,107,19
25354,Fabric Softener Dryer Sheet Outdoor Fresh 105CT Fabric Enhancers,75,17
10994,"Earplugs, Soft Foam",87,17
19275,Spots Stew Turkey Canned Cat Food,41,8
49281,Traditional Feta Cheese Chunk,21,16
43390,Folly Variety Bottles,27,5
15999,Zero Ion4 Grape Sports Drink,64,7
40573,Gogo Rice Organic White Rice Bowl,4,9
2039,Raspberry Rain Shave Gel,55,11
42769,Chicken Sausage Cilantro Lime,106,12
47281,Raspberry White Chocolate Mochi,37,1
6990,Jasmine & White Cotton Foaming Hand Soap,127,11
719,Scars Cream + SPF 30,118,11
15822,Organic Just Peas And Spinach Baby Food Stage 2,92,18
41490,Breaded Jalapeno Peppers,129,1
15748,Brussels Sprout Stalk,100,21
20413,Berry Pomegranate Chia Energy Bar,3,19
34973,Original Regular To Go Pantiliners,126,11
24484,"Day Cream, Beautiful, Sensitive",109,11
11871,Organic Cranberry Sauce,67,20
15857,Medium Jalfrezi Curry Simmer Sauce,76,6
11343,Dual 2 in 1 Shampoo + Conditioner,22,11
9848,Balsamic Reduction Traditional Balsamic,72,13
32704,Vitamin Code Men's Raw Whole Food Mutlivitamin,47,11
4328,Bacon & Pepperoni Pizza Rolls,79,1
30010,Whole Raw Brazil Nuts,6,2
20059,Perfect Peach Herbal Tea,94,7
48076,Lunchables Uploaded 6-Inch Turkey & Ham Sub Sandwich,13,20
45511,Extra Beer Bottles,27,5
9211,Family Size Instant Baby Red Mashed Potatoes,4,9
22823,Roasted Bell Peppers,110,13
44960,Seasoned Lemon & Pepper Sensations Tuna Medley,95,15
16321,70% Dark Chocolate With Coconut Bar,45,19
22277,Honey Roasted Nuts & Sea Salt Bar,3,19
11133,"Cat Food, Premium Feast Dinner",41,8
38856,Real Vegetable Chips Mediterranean Herbs & A Hint Of Lemon,107,19
3449,Moisturizing Shampoo Unscented,22,11
14262,Variety Pack Apple Pear White Grape 100% Juice,92,18
49623,Freeze-Dried Powder Coconut Water,90,7
3904,Soft Works Pop Container,85,17
14887,Ultimate Flora Senior Formula 30 Billion Probiotic,70,11
30170,Fresh Cut Green Beans,81,15
30672,Seeded Honey Wheat Organic Bread,112,3
22202,Light Options Parmesan & Peppercorn Dressing,89,13
25988,Gourmet Cupcakes Triple Chocolate Filled With Rich Chocolate Fudge,8,3
23721,Real Thai Tea Latte,94,7
19396,79% Virgin Chocolate Yacon Cane Sugar Free Bar,45,19
8246,Total Clean Mint Toothpaste,20,11
48773,Beyond Chicken Homestyle Tenders,34,1
17099,Scent Expressions Clear Gel Ooh-La-La Lavender Scent Antiperspirant & Deodorant Twin,80,11
20035,Aqua Colored 18-Ounce Stainless Steel Water Bottle With Loop Cap,85,17
5465,Facial Tissue With Aloe Lotion,54,17
33937,Stir Fry Pad Thai,66,6
39617,"Shredded Cheese, Cheddar",21,16
14802,Black Pepper Chicken,38,1
31714,Feta Cheese In Brine,21,16
40801,Oven Liners,10,17
9493,Seasoned Croutons,89,13
28754,Milk Chocolate Nuggets,45,19
2101,Chicken & Mushroom Aussie Pies,38,1
11159,Organic Dark Chocolate Almond Nutrition Bar,3,19
15541,Original Almondmilk,91,16
24007,SmartBlend Chicken & Rice Formula Adult Dog Food,40,8
19031,Gluten Free Israeli Couscous,33,6
35906,Boneless & Skinless Chicken Breast,49,12
4585,Hot and Spicy Crispy Pickled Beans,110,13
14124,Fat-Free Refried Beans,30,6
20409,Age Renewal Moisturizing Creme,109,11
15191,Dark Temptation Antiperspirant Stick,80,11
41561,Organic Potatoes,83,4
10443,2 in 1 Dandruff Shampoo + Conditioner with Almond Oil,22,11
34699,Opti-Free Pure Moist Contact Solution,44,11
42156,Daily Probiotic,70,11
47665,Waxed Paper Bags,85,17
5772,Glazed Cake Doughnut Holes,93,3
43699,Nutri-Grain Strawberry Greek Yogurt Cereal Bars,48,14
45638,Aged Balsamic Vinegar,19,13
568,Artisan Style Melts Quattro Formaggi Pizza,79,1
20060,Level Three Coffee Seattle's Best Blend Ground Coffee,26,7
41744,Organic Cacao Beans,117,19
11920,In The Raw Turkey Recipe,40,8
12224,Large Value Pack Brushing Chews,40,8
14749,Snoozeberry Sleep & Relaxation Shot,6,2
7223,71% Virgin Dark Chocolate With Sea Salt Bar,45,19
11811,Raw Probiotics Vaginal Care  50 Billion 38 Strains,70,11
23859,Falafel,6,2
38552,Lime Setlzer Water,115,7
25453,"Lime Juice, 100% Organic",98,7
36450,Twice Baked Potato,13,20
46536,Crispy Windmill Cookies,61,19
42023,Gluten Free Miso Soup Tofu,66,6
26851,Chew-Lotta Long Lasting Chewbone Dog Snacks,40,8
4320,Bento Box,13,20
16114,8 Piece Grilled Chicken,13,20
14250,Dark Chocolate Caramel Bar,45,19
46113,1 Razor Handle and 2 Freesia Scented Razor Refills  Premium BladeRazor System,55,11
48082,Reduced Fat Provolone Cheese with Smoke Flavor,21,16
48264,Chopped Romaine Hearts,123,4
28327,"Chili Sauce, Sweet & Spicy",5,13
27872,Zero Calorie Iced Green Tea Raspberry,94,7
9967,Sparkling Water Beverage Lemon,115,7
8707,Cheddar & Sour Cream Potato Chips,107,19
14483,"Rice Chips, Seaweed, Teriyaki",50,19
20139,Naturals Purifying Makeup Remover Cleaning Towelettes,73,11
20500,Thai Ginger Instant Rice Noodle Soup,66,6
41712,American Classic Creamy Peanut Butter,88,13
11135,Organic Sliced Mushrooms,81,15
9344,Simply 100 Pineapple Blended Non-Fat Greek Yogurt,120,16
35425,Gluten Free Brown Rice English Muffins 6 ct,93,3
47559,Organic Instant Regular Oatmeal,130,14
21003,White Chocolate Macadamia Coffee Creamer,53,16
41741,Cherry Juice Drinks,98,7
2113,Ultra Comfort Care Mega Roll Toilet Paper,54,17
14500,Miso-Cup Ruduced Sodium Soup - 4 CT,66,6
29206,Opcon-A Eye Drops,44,11
923,Country Fresh Old Fashioned Horseradish,88,13
40467,Organic Spinach And Cheese Ravioli,12,9
637,Multigrain Peanut Butter Cereal,121,14
7780,Guava Mamma Vitality Beverage,31,7
1309,"Tooth Gel, with Xylitol, Kid's, Natural Bubble Gum",20,11
48700,Soft-Picks,20,11
3356,Gluten Free Almond Horn Cookie,8,3
6439,Raspberry Ginger Ale,77,7
6316,Grillin' Beans Southern Pit Barbecue Beans,59,15
36394,"Melatonin 3 mg, tablets",47,11
11965,Yellow Rice & Corn With Seasoning,4,9
19840,Pop-Tarts Frosted Cookies & Creme Toaster Pastries,48,14
16288,"Baby Corn, Pickled Whole",81,15
42471,Organic Lowfat Chocolate Milk,84,16
10223,Hello My Name Is Caramel Brownie Stick,45,19
4981,Parmesan and Rosemary Microwave Popcorn,23,19
4600,All Natural French Toast Sticks,52,1
44871,Moscato Spumante Wine,134,5
41465,"Quinoa, Southwest Black Bean",63,9
25920,Orange Mango Juice,31,7
29725,Source Toothbrush Soft,20,11
30879,Marshmallow Mateys Cereal,121,14
20581,Go Figs! Organic Dried Figs,117,19
39109,Butternut Squash & Chestnut Ravioli,12,9
44044,Seasoned Bread Crumbs,5,13
44955,Organic Ambrosia Apples,24,4
14583,Miso & Chia Seed Sesame Seed Dressing,89,13
32730,Blood Orange Sorbetto,37,1
47383,Dandruff Relief Shampoo,22,11
37869,Breakfast Essentials® Classic French Vanilla Powder Drink Mix,48,14
20584,Chunk Style Pink Salmon Skinless Boneless,95,15
20621,Shiitake Dried Black Mushrooms,66,6
3375,Ultratab® Tablets Allergy,11,11
15053,Lowfat Pomegranate Kefir Probiotic Cultured Milk Smoothie,120,16
8292,100 Calorie Healthy Pop Butter Microwave Pop Corn,23,19
45863,Spicy Chicken Noodle Bowl,66,6
15534,Lightly Salted Roasted Edamame,66,6
48809,Original Milk Chocolate Nutrition Shake,65,11
21726,Classic Cheddar Pierogies,129,1
26622,Bowl Brush & Plunger Set,114,17
6186,Black Chilli Beans With Onion Garlic & Chilli Spices,59,15
30274,Artesano Style Bread,112,3
35930,Holland Mints,6,2
24427,Snacks String Cheese Natural Mozzarella Cheese,21,16
34321,Original Pepperoni,96,20
7770,Quick-Tie Tall Kitchen Bags Gallon - 35 CT,60,17
49647,Minute Instant Whole Grain Brown Rice,4,9
23936,Wintermint Sugar-Free Gum,46,19
49105,Classic with Tuna Anchovies & Whitefish Cat Food,41,8
22210,Organic Stage 2 Broccoli Pears & Peas Baby Food,92,18
11166,Volcano Shrimp Cheese & Jalapeno Stuffed,34,1
34913,Ground Beef 85% Lean,7,12
36332,Apple Strawberry Bar,3,19
25413,Chainbreaker White IPA,27,5
42441,Regular Concentrated Bleach,75,17
41523,PreNatal Multivitamin Adult,47,11
40477,Unsweetened Horchata,91,16
9538,Instant Lunch Chicken Flavor,4,9
38447,"Salted Caramel Organic Dark Chocolate, 57% Cocoa",45,19
27704,Safety Razor Blades,55,11
30550,White Mushroom,100,21
46382,Baby Fresh Pampers Baby Wipes Baby Fresh 3X Refill 216 count  Baby Wipes,56,18
11579,M'hamsa Hand-Rolled Couscous,63,9
14787,Double Mocha Cappuccino,26,7
4965,Original Popcorn and Peanuts,23,19
41699,Dark Chocolate & Oats Granola Cookies,61,19
38021,Baklava,8,3
5807,Original Baby Powder,102,18
42121,Mix Spinach,100,21
24425,"Freshly made pasta, rich meat sauce and Real Mozzarella cheese Lasagna with Meat & Sauce",38,1
18256,FloorCare Lemon Scent Squirt & Mop Hardwood Cleaner,114,17
15963,Very Light Absorbency Regular Length Incontinence Liners,126,11
19044,"Just Apple, Raspberry & Avocado Stage 2",92,18
36838,Original Triple Chocolate Protein Energy Bar,3,19
49331,Black Cherry Sparkling Soda,77,7
26692,Corn tortillas filled with chicken & vegetables over a bed of rice topped with a real cheese sauce Chicken Enchiladas with Cheese Sauce & Rice,38,1
46472,Pasteurized Cage Free Eggs,86,16
12721,Bubblemint Sugarfree Gum,46,19
12458,Dundee Orange Marmalade,88,13
16676,Vanilla Sparkling Energy Water,64,7
7584,Lemon Lime Sparkling Energy Water,115,7
40554,Oat Blueberry Lemon Whenever Bars,48,14
19232,One Love Medium Organic Ground Coffee,26,7
36757,BAC-OUT Fresh Natural Lemon Thyme Fabric Refresher spray bottle,114,17
41393,Baby Dry Size 4 Diapers,56,18
11187,Revel Berry Yerba Mate,94,7
21341,Ethiopian Hummus,67,20
24843,Orange Poppy Pound Cake,8,3
17717,Country Pumpkin Butter,88,13
236,Chicken Meatballs Dog Treats,40,8
42676,Vanilla Bean 1% Milk Fat Yogurt,120,16
12914,Corn Tortilla Chips,107,19
3611,Dark Chocolate & Mint Morsels,17,13
34110,Hommus Roasted Red Pepper,67,20
15013,Fig Bars,61,19
24569,Witch Hazel For Face & Body,118,11
11936,Bee Propolis  1000 mg Capsules,47,11
47897,Cascade Mountain Pure Seedless Red Raspberry Preserves,88,13
40831,Allergy 24 Hour 10mg Posted 10/28/2013 Dissolve Tabs,11,11
7454,"Proactive Health Food With Hairball Care, Cat Food",41,8
33359,"Tasty Treasures Chicken, Tuna & Cheese In Gravy Cat Food",41,8
44232,Ant & Roach Killer Fragrance Free Insecticide,87,17
648,Elbow Macaroni,131,9
2454,Herbal Daily Cleansing Shampoo,22,11
36867,100% Carrot 100% Vegetable Juice,31,7
16687,Chipotle Habanero Pepper Sauce,72,13
46264,Apple Juice Drink for Kids,98,7
34560,Peanut Butter Caramel Ice Cream Candy Bars,37,1
41413,Zero Grain Turkey Dog Food,40,8
25772,Home Scented Tall Kitchen Lemon Elastic Fit Drawstring 13 Gallon,60,17
16873,7 Day Keratin Smooth Conditioner,22,11
34822,Small MaroSnacks Dog Snacks,40,8
27005,Daily Protection SPF 30 Face Lotion,127,11
23442,Organic Golden Flax Seed & Raw Organic Antioxidant Fruit,50,19
8613,Dark Roast Coffee,31,7
18174,The Original Five Cheese Texas Toast,129,1
11476,Max Hold Unscented Hairspray,22,11
7938,Sauvignon Blanc Awatere Valley Marlborough,62,5
36053,Flintstones Complete Multivitamin Supplement Tablets for Children,47,11
19978,Authentic Danish Style Blue Cheese,2,16
31164,Original Flavor Crispy Corn Snacks,107,19
33989,Organic Traditional Red Miso,66,6
6777,Original Gluten Free Rice Thins,78,19
38398,"Gravy Mix, Country",5,13
13251,Organic Chamomile with Lavender Herbal Tea Bags,94,7
35116,Mocha Chip Ice Cream,37,1
35619,Corn Chex Cereal,121,14
28420,Organic Cultured Low Fat 1% Cottage Cheese,108,16
6686,Beddar with Cheddar Smoked Sausage,106,12
46237,Tea Three Ginger - 20 CT,94,7
10263,Very Emollient Bath & Shower Gel Sparkling Mint,25,11
28717,Sport Deluxe Adjustable Black Ankle Stabilizer,133,11
42681,Caramel Cone Ice Cream Cup,37,1
20844,Doublemint Gum,46,19
15504,Skin Therapy Baby Soft Lotionized Moisturizing Shave Gel,55,11
4754,Cavity Protection Great Regular Flavor Toothpaste,20,11
15689,Crispy Gluten Free Baked Multigrain Crackers,78,19
43629,Natural Unsweetened,99,15
39519,Dark Chocolate Peanut Butter Cups,45,19
9378,Bites Ft Beef Rollers,100,21
39482,Orange/Mango Flavor Multi Vitamin & Mineral,47,11
46660,Scrimshaw Pilsner Style Beer,27,5
17054,Antifungal Cream for Jock Itch,118,11
40196,2-Ply White Tissues,54,17
42281,Heritage Bites Cereal,121,14
17458,Popping Corn Butter Classic Bag,23,19
20034,Potted Basil,16,4
39718,Meaty Pate Super Supper Cat Food,41,8
48260,Major Dickason's Blend Dark Roast Ground Coffee,26,7
19690,Green Oak Lettuce,83,4
38933,"Tea, Organic, Green Rooibos",94,7
6731,Ultra Sensitive Hydra Gel Men's Shave Gel,55,11
33142,Black Raspberry Water,100,21
40270,Cavity Defense Medium Toothbrush,20,11
24637,Turkey Sausage Links,52,1
37111,Organic Chef's Blend Fingerling Potatoes,83,4
2456,Clump & Seal Multi-Cat Cat Litter,41,8
5034,"P3 Smoked Ham, Cheese & Cashews Portable Protein Packs",96,20
37817,Slim Cut Swiss Reduced Fat Made with 2% Milk Cheese Slices,21,16
42556,Slider Storage Quart Bags,85,17
11080,Crustless Chicken Pot Pie,38,1
26714,Chicken Salad,1,20
1539,Cauliflower head,83,4
39038,Verona Blend Decaf Ground Coffee,26,7
21921,Clinical Strength Invisible Solid Completely Clean Antiperspirant/Deodorant,80,11
27901,Tropical Lemon Scented Natural Air Freshener,101,17
21252,Outshine Pomegranate Fruit Bars,37,1
36897,Tomato Juice,98,7
42575,Baba Black Lager,27,5
7007,Raw Organic Chia Seeds,117,19
7302,Low Sodium American Cheese,21,16
42523,Mild Chili Made with Grass Fed Beef,13,20
1665,Low Sodium Veggie Natural Bouillon Cubes,69,15
31806,"Brazilian Acai Berry Biotin Bursts 10,000 mcg",47,11
40625,"Red Beans, Small",59,15
40221,"Instant Rice, Enriched Long Grain Rice",4,9
26489,Deep Dish Pie Shells - 2 CT,119,1
13733,Red Potatoes,83,4
23857,Sweet Whole Gherkins,110,13
11102,Fold & Close Sandwich Bags,85,17
24917,Coppertop C Alkaline Batteries,87,17
47482,Ice Cream Variety Pack,37,1
349,Organic Granulated Tapioca,17,13
24227,Brownie Bliss,8,3
36574,Fruit & Nut Trail Mix Chewy Granola Bars,3,19
11682,7 Grain Belgian Gourmet Waffles,52,1
29746,Red Skin Potato Salad,1,20
7271,Taco Flavor Tortilla Chips,107,19
27479,Nonfat Plain Yogurt,120,16
8177,Organic Summer Corn & Vegetable Soup,69,15
3461,Organic Mendocino Cabernet Sauvignon,28,5
32186,Hot Kim Chee,66,6
39165,Diet Caffeine Free Cola,77,7
21958,Hello Kitty Friendship Berry Yogurt,120,16
48227,Apple,8,3
18871,Country Fried Chicken & Gravy Meal,38,1
11006,Carrots & Potatoes,107,19
13532,Turkey Stick & Crunch,78,19
9062,"Special K Crustless Quiche Sausage, Quinoa, Peppers, Mozzarella & Asiago",100,21
9458,Classic Lemonade,115,7
19543,Brioche Hot Dog Buns,43,3
36496,Oh My Yog! Trilayer Yogurt Apple Cinnamon,21,16
8772,Dark Chocolate,45,19
20503,Almond Glow Coconut Body Lotion,25,11
43019,Thin Crust Spinach And Mushroom Pizza,79,1
47273,Whole Milk Low Moisture Mozzarella Cheese,21,16
12477,Vanilla Dairy-Free Yogurt,120,16
32510,Steak Seasoning & Rub,104,13
46029,Stoned Wheat Thins Crackers,78,19
15258,Protein Chewy Bar Peanut Butter Dark Chocolate Bars,50,19
36330,Red & White Candy Canes,45,19
28696,Original Bread Crumbs,5,13
43108,Parmesan Croutons Gluten Free,89,13
2957,Cinnamon Rolls With Icing,105,13
27504,Pure Natural Invigorating Rosewater Hand Soap,25,11
6329,Organic Round Udon Asian Pasta,66,6
16599,Green Medium Pitted Olives,110,13
10472,Caramel Apple Crumble Pie Pops,37,1
32367,White Basket Style Coffee Filters 3.25 inch Base,26,7
32281,Persian Lime Miracle Tart,61,19
19612,Organic Light in Sodium Low-Fat Minestrone Soup,69,15
11536,Smoked Uncured Kielbasa,49,12
14589,Standard Playing Cards,87,17
13679,Original Bacon,106,12
47749,Men's One Tablets - 150 CT,47,11
35868,Organic Nama Shoyu Soy Sauce,66,6
31370,Natural Bliss Chocolate Flavored Liquid Non Dairy Coffee Creamer,100,21
6884,Crunchy Honey Roasted Granola,57,14
13889,Cashew Milk Salted Caramel Cluster Non-Dairy Frozen Dessert,37,1
36588,"Nut, Spice, Honey Roasted Sea Salt Bar",3,19
7973,Lotzza Motzza Bacon Cheesburger Pizza,79,1
19881,Bartlett Pear,24,4
3440,Lemon Cayenne Caffeine Kick,100,21
1710,Kombucha Gingerade,31,7
7647,Turkey Meatballs,13,20
34022,Lite Honey Mustard Dressing,89,13
27819,Restaurant Quality & Oven Ready Crab Cakes,34,1
42210,Soft Baked Oatmeal Raisin Cookies,61,19
23771,"Quinoa, Miso with Edamame & Scallions",63,9
27560,Artisan Tres Leche Brigadeiro Ice Cream,37,1
35506,Brown Sugar and Cinnamon Steel Cut Quick Oatmeal,130,14
48347,Blue Corn Taco Shells - 12 CT,30,6
5331,Chocolate Peanut Butter Toffee Fiber Bar,3,19
29564,Vanilla Drumstick Ice Cream Cone,37,1
33001,White Wine,62,5
43281,Organic Lemon Perfume Oil,101,17
23069,Original Powder Laundry Detergent,75,17
44812,Organic Bourbon Vanilla Whey Protein,65,11
30778,Ultra Original Scent Dishwashing Liquid 38 Fl Oz Dish Care,74,17
30184,Adult Healthy Metabolism Cat Food,41,8
33062,Chafing Dish Wire Rack,87,17
26076,Gluten Free Corn Dogs,106,12
14440,Invisible Clean Finish Advanced Care Anti Perspirant,100,21
4941,Fresh Lavender Super Odor Neutralizer Long Last Adjustable Air Freshener,101,17
92,Meat In The Middle Large Rawhide Chews,40,8
16644,Quick 3-Minute Steel Cut Oats,130,14
43833,Organic Extra Thick Passata Rustica Puree,81,15
11283,Caffeine Free Mandarin Orange Spice Herbal Tea Bags,94,7
3586,Total Whitening Toothpaste,20,11
28950,Spry Fresh Fruit Chewing Gum,46,19
272,Propolis Herbal Supplement,47,11
15810,100% Whole Grain Brown Rice,63,9
44117,"Curcumin 95, 500 mg Capsules",133,11
42609,Organic Sliced Mozzarella,21,16
39265,Ground Coriander,104,13
38736,Made with Real M&M's Brownies,61,19
38662,Roasted Almond Butter,6,2
5107,Unstoppables Air Fresheners,101,17
2727,Poultry & Beef Feast Variety  Cat Food,41,8
32110,Bone In Pork Loin Chops,7,12
27869,Light Mayonnaise Dressing,72,13
27509,Organic Seasoned Yukon Select Potatoes Hashed Browns,129,1
33503,Zucchini Banana & Amaranth Organic Baby Food,92,18
13403,Sherry Wine Vinegar,19,13
24492,All Natural Won Ton Wraps,66,6
35629,Coho Salmon,39,12
24495,Hickory Smoked Almond Protein Bar,3,19
36426,"Fire-Roasted Tomato Taco Sauce, Medium",30,6
22778,Apple Grape 100% Juice,98,7
1446,Organic Olive Oil  Spray,19,13
32123,Whole Ground Golden Flaxseed Meal,17,13
8225,Pull-Ups Training Pants Learning Designs 3T-4T 32-40 Lbs,56,18
32450,Burgundy,28,5
21343,Organic Quinoa Squares Sweet Potato & Apple & Cinnamon,78,19
46613,"Gain Scent Dishwasher Detergent, ActionPacs",74,17
2703,Air Effects Spring & Renewal Air Refresher,101,17
21670,Raspberry Truffle Nutrition Bar,3,19
38428,Keurig Green Mountain Coffee Breakfast Blend Light Roast Coffee K-Cups,26,7
15141,Coco Cafe Cafe Latte Coconut Water,98,7
28422,Gourmet Fiesta Flatbread Pizza Pizza Wrap,100,21
49,Vegetarian Grain Meat Sausages Italian - 4 CT,14,20
22758,Tomato Chicken Bouillon,69,15
34820,Kettle Cooked Potato Chips Jalapeno Flavored,107,19
7794,Greek 100 Calories Apple Pie Fat Free Yogurt,120,16
28580,All Natural Sesame Baked Pita Chips,107,19
4619,Original Scent Extra Strength Fabric Refresher Spray,101,17
19974,Clean Breeze® Liquid Laundry Detergent,75,17
40046,Multi Purpose Lighter,87,17
8770,Gentle Care With Aloe & E 1-Ply Double Rolls Toilet Paper,54,17
9495,Cornbread Mix,105,13
14372,Original 5-Cheese Pizza,79,1
28624,Gluten Free Pantry Pancake Instant Baking Mix,130,14
4480,Kettle Cooked Party Size Original Potato Chips,107,19
324,Strong & Kind Roasted Jalapeno Almond Protein Bar,3,19
32640,Magic Soap - Hemp Rose,25,11
20484,Max Hold Non-Aerosol Hairspray,22,11
16964,Part-Skim Mozzarella Cheese,21,16
15008,Chocolate Hazelnut Butter,88,13
46063,Wisconsin Sharp Cheddar,52,1
27882,Strawberry Pudding,92,18
3920,Organic Cotton Liners,102,18
2803,Black Food Color,97,13
26934,Medium Diced Tomatoes with Green Chilis,81,15
42962,Zap Ems Macaroni & Cheese,38,1
8693,Dairy Free French Vanilla Creamer Almond Milk,100,21
12816,"Heavy Duty 18\"" Aluminium Foil",85,17
28039,Flour Tortillas For Soft Tacos & Fajitas,128,3
27203,Red Hot Beef Burrito,38,1
43111,English Breakfast Leaf Tea,94,7
6520,Nasal Spray With Grapefruit Seed Extract,11,11
1283,Organic Edamame & Mung Bean Fettuccine,100,21
30351,Barbera D' Alba,28,5
23759,Multigrain,58,1
7468,Slow Churned Light Vanilla Bean Ice Cream,37,1
14931,Pomegranate Frozen Kefir,37,1
9614,Organic Acai Superfood Juice,31,7
6229,Organic Tapioca Starch,17,13
41736,With Whole Almonds Milk Chocolate,45,19
4143,Organic Chia Cheeze,108,16
33398,Hand Made Style Flour Tortilla,128,3
5595,Almond Joy Creamer,53,16
37199,Falcon Blend Whole Bean Coffee,26,7
33650,"Waffles, Buckwheat with Berries",52,1
19334,Essential Antioxidants Original 100% Vegetable Juice,98,7
19916,Studio Line Clean Gel,22,11
9783,Max Force Laundry Stain Remover,75,17
11372,2 Cup,10,17
20299,Apricot Conserves,51,13
10844,Pepper Supreme,104,13
1733,Mild Pineapple Salsa,30,6
47090,Sparkling Black Raspberry Beverage,77,7
9399,Triple Berry Preserves,88,13
27164,PM Soft Grip Cap Caplets Pain Reliever/Nighttime Sleep-Aid,133,11
29788,Roadhouse Bring On The Meat Pizza,79,1
32820,Banana Nut Muffin Protein Bar,3,19
10413,Bacon Macaroni & Cheese with Fruitwood-Smoked Uncured Bacon,13,20
25038,Multipurpose Cooktop Cleaner,114,17
39652,Ladyfingers,61,19
48090,Vanilla Ice Cream with Milk Chocolate,37,1
6775,Amish Gorgonzola Cheese,2,16
778,All Natural Homestyle California Lemon Limeade,31,7
48728,Calms Forte Sleep Aid Tablets - 100 CT,6,2
12323,Fresh Cut Cream Style Golden Sweet Corn,81,15
5843,Cold 'n Cough 4 Kids Night Time Syrup,11,11
26065,Balsamic Fig & Mascarpone Ice Cream,37,1
47960,Peanut Butter Candy Coated Nuts,45,19
24437,Baby Eczema Therapy Soothing Bath Treatment,6,2
23044,Cream Top Smooth & Creamy Vanilla Yogurt,120,16
40223,Chewy Yogurt Strawberry Granola Bars,3,19
23960,Graham Cracker Bunnies,78,19
30400,Gluten Free Multi Grain Penne Pasta,131,9
16532,Organic Enriched Unbleached Flour White,17,13
12634,Captain Variety Pack,78,19
13328,Original Veggie Breakfast Sausage Patties,52,1
13037,International Café Vienna,26,7
22760,Organic Coconut Granola MacroBar,3,19
13980,"Jalapeño String Cheese, Low Moisture Part Skim Mozzarella Cheese with Jalapeño Peppers",21,16
21465,Uncured Ham & Egg Roasted Potato & Breakfast Buritto,52,1
34114,Thai Masaman Curry Cooking Sauce,66,6
5346,Mochi Ice Cream,37,1
638,Won Ton Wrappers,66,6
19957,Squares Dark 60% Cacao Chocolate,45,19
15889,Lavender Moisturizing Cream Shave,55,11
17814,All Natural Pizza Munchies Classic Italian Flavors & Soy Cheese in Crispy Wheat Shell,129,1
6888,Buffalo Chicken Mac & Cheese,13,20
2347,Premium Mo' Beta Fruit Smoothie Blend,31,7
5939,Light Sodium Brown Rice and Vegetable Bowl,38,1
16256,Mango Lemonade Sparkling Water,77,7
15281,Gran Polenta Express,4,9
25408,Peppered Beef Jerky,23,19
14792,Classic Colors Writing Icing,97,13
17882,Purina Beyond Natural Cat Food Grain Free Ocean Whitefish & Egg Recipe,41,8
17455,Thai Cooking Sauce Creamy Coconut Green Curry,76,6
26380,Freeze Away 1 Treatment Wart Remover,118,11
36640,Sprouted Grain Low Sodium Bread,112,3
10177,German Barrel Sauerkraut,110,13
15400,Pomegranate Moisturizing Lip Balm,109,11
29223,Golden Pineapple,24,4
44820,Medium Roast Coffee,26,7
20659,Oikos Triple Zero Greek Strawberry Yogurt,120,16
23877,Vitamin Code Raw Prenatal Vegetarian Capsules,47,11
36502,Chimichurri Hemp Tofu,14,20
31131,Original Gluten Free Cheese Bread Mix,105,13
44706,Entertainment Cracker Collection,78,19
42305,Dog Food With Beef in Meaty Juices,40,8
1071,Pils,27,5
15185,Detergent Booster,74,17
14740,Builder's® Chocolate Mint Protein Bars,3,19
16102,Shower Tub & Tile Cleaner with Oxy Clean,114,17
38257,Baby Nighttime Tiny Cold Syrup,6,2
20217,Mini Marshmallows,17,13
10846,Chopped Garlic In Oil,81,15
31113,Pinot Noir Rose,6,2
7889,Red Banana,24,4
45011,Intensive Healing Lotion Eczema,118,11
49212,Firming Body Lotion,25,11
36477,Take Alongs Rectangle Containers with Lids - 3 CT,85,17
11185,Large Croissants,93,3
37110,Real Cola,77,7
47091,Non Alcoholic Amber Beer,27,5
20380,Blueberry Oats and Quinoa Whole Grain Snack,92,18
22037,Dairy Pure Whole Milk with Vitamin D,84,16
3354,Louisana Hot Sauce,72,13
30445,Jumbo Shell Noodles,131,9
4964,Aleppo Pepper,104,13
333,Basil Daly Bar Soap,25,11
45612,Pancake Puffs Banana - 36 PC,52,1
23314,Asiago & Cracked Peppercorn Dressing,89,13
44388,Deep Moisture Pump Body Wash,127,11
9109,Granulated Chicken Bouillon,69,15
15730,Plain Coconut Non-Dairy Yogurt,31,7
21923,Light Muscovado Sugar,17,13
32928,Herb Paste,100,21
31136,Original Flavor Sugar Free Gum 3 Pk,46,19
6495,Yogurt Blends Sweet Potato Pear,92,18
11727,Hibiscus Mint Tea,94,7
19576,Optive Advanced Lubricant Single Use Eye Drops,44,11
1502,Acai Berry Lip Balm,132,11
34677,Organic Romaine Lettuce Hearts,83,4
5529,Original White Popcorn,23,19
43287,Thin Salted Matzos,33,6
11084,Large Biodynamic Eggs,100,21
18571,Complete Free Denture Adhesive Cream,20,11
17417,Reduced Fat Original Potato Crisps,107,19
21641,Mixed Nuts Lightly Salted,117,19
36018,Rosemary Fabric Softener,75,17
40410,Sage Citrus Dish It Out Dish Liquid,74,17
23389,Original Ultra Concentrated Dish Soap,74,17
6011,2 In 1 Thickening Shampoo & Conditioner,22,11
5706,10 Tostada Shells,30,6
5475,Organic Blue Agave,29,13
33402,Core Original Grain Free Dry Dog Food,40,8
23949,USDA Organic Coconut Water,98,7
33801,Heartburn Relief Capsules,133,11
9766,Avocado Oil Himalayan Salt Chips,107,19
19373,Diced Tomatoes Spicy Red Pepper,81,15
33811,Country 100% Whole Wheat Bread,112,3
38754,Organic Spelt Rotini,131,9
46641,Veganic Sprouted Oat O's Cereal,121,14
6237,Black Professional Electrical Tape,87,17
47207,Allergies Grape Syrup,11,11
37624,Complete All Day Moisturizer with Broad Spectrum SPF 15 - Sensitive,73,11
28340,Instant Ginger Honey Crystals,47,11
14478,Mixed Berry Simply Good Gelatin,100,21
22753,"Vitamin D3, Natural Berry Flavor",47,11
49255,Shatavari Vegetarian Capsules,47,11
19586,Lemon-Lime Tablets,70,11
41704,Chunky Kickin Buffalo-Style Chicken Soup,69,15
4473,Organic Sprouted Whole Grain Bread,112,3
49563,Jasmine Green Tea - 20 CT,94,7
24505,Crushed Pineapple in Pineapple Juice,99,15
35809,Dark Chocolate Almond Coconut Crunch Bars,65,11
1313,Tortilla Strips Restaurant Style,107,19
34386,Milano Mint Cookies,61,19
22003,Cacao Puro 70% Pure Dark,45,19
22464,Chunk Light in Sunflower Oil Tuna,95,15
9939,Spelt Flour,17,13
9808,Organic Cottage Cheese,108,16
44003,Melatonin 2.5 Mg Sublingual Peppermint Tablets,6,2
33514,Ready Meals Marinara & Italian Sausage Rotini,4,9
25346,Peanut Butter Dark Chocolate + Protein Bar,3,19
39415,Garlic Granules,104,13
29306,Raw Whole Cashews,117,19
47269,Arnicare Gel & 80 ct Homeopathic Pellets,133,11
20371,Cleaner Multisurface Made with Vinegar,100,21
8499,Organic Raw Kombucha Case,31,7
13048,Hello Hydration Herbal Essences Hello Hydration Body Wash,127,11
11854,Spinach Nuggets,14,20
48221,Garden Isle Medium Roast Single Serve Cups Coffee,26,7
22889,Venus & Olay Women's Razors w/ 2 Refills,55,11
24879,Pepperidge Farm® Goldfish Queso Fiesta Baked Snack Crackers,78,19
10768,Organic Raspberry Lowfat Yogurt,120,16
45184,Bourbon Brown Sugar BBQ Sauce,5,13
46873,Whole Grain Organic Soy Flax Waffles 6 ct,52,1
37732,Organic Pears Baby Food,92,18
21155,Chianti Classico,28,5
31623,"Kefir Cultured Milk, Nonfat, Plain, Unsweetened",120,16
42482,Pasta Pick-ups Beef & Tomato Ravioli,92,18
49259,Original Probiotic Dairy Culture,70,11
32496,Udderly Chocolate Ice Cream,37,1
9527,Alpine Fresh 2 in 1 Shampoo and Conditioner,22,11
2195,Organic Rice Protein Vanilla Single,65,11
7581,One All-In-One Nutritional Shake Chocolate Drink Mix,65,11
41840,Dairy-Free Black & Bold Cold Brew Coffee,26,7
47351,Hibiscus & Cardamom Natural Hand Wash,127,11
29073,Family Marinara Premium Organic Pasta Sauce,9,9
9844,Raspberry Iced Tea,94,7
37883,Odor Shield Scoopable Cat Litter Scented,41,8
34209,Three Cheese Tortellini,131,9
48236,Spicy Dark Chocolate Bar,3,19
48913,Orange Mints,46,19
25365,Glade Rainshower Toilet Cleaning Gel,114,17
48355,Q-absorb Co-Q10 100 mg,47,11
21308,Sweet Harvest Pumpkin Black Tea,94,7
5184,Organic Red Grape Tomato,83,4
18415,Gelato Triple Chocolate Ice Cream,37,1
33616,Bake And Roast Pan,10,17
23639,Natural Honey Throat Drops with Menthol & Eucalyptus Oil,11,11
10522,Salad Olives,110,13
29350,Moisture Rich Luxurious Moisture Conditioner,22,11
17906,Organic Super Maxi Pads,126,11
17652,Air Chilled Breaded Chicken Breast Nuggets,129,1
5763,Rich & Creamy Cold Brew Coffee Milk & Sugar,26,7
11055,Whey to Go Whey Protein Powder Natural Chocolate,65,11
39976,Coolmint Gum,46,19
39812,Organic Thyme,16,4
39180,Organic Lowfat 1% Milk,84,16
6163,Balance Lubricant Eye Drops,44,11
6561,Sriracha Chili Ketchup,72,13
